<ActionDescription Class="Executable" DisplayName="Deployment Approval" MnemonicDisplayName="Deployment Approval" Description = "Opens Deployment Approval Form">
		<ShowOn>
			<string>ContextMenu</string>
  		 	<string>DefaultHomeTab</string>
		</ShowOn>
		
  		 <ResourceAssembly>
		<Assembly>AdminUI.CollectionProperty.dll</Assembly>
			<Type>Microsoft.ConfigurationManagement.AdminConsole.CollectionProperty.Properties.Resources.resources</Type>
	</ResourceAssembly>
		<ImagesDescription>
			<ResourceAssembly>
				<Assembly>AdminUI.UIResources.dll</Assembly>
				<Type>Microsoft.ConfigurationManagement.AdminConsole.UIResources.Properties.Resources.resources</Type>
			</ResourceAssembly>
		<ImageResourceName>RunSummarization</ImageResourceName>
	</ImagesDescription>

  		<Executable>
    			<FilePath>c:\windows\system32\WindowsPowerShell\v1.0\powershell.exe</FilePath>
    			<Parameters>-NoLogo -ExecutionPolicy Unrestricted -WindowStyle Hidden -File "C:\Program Files (x86)\Microsoft Configuration Manager\AdminConsole\XmlStorage\DeploymentApprovalForm\Start-ApploymentApprovalForm.ps1" -ObjectID ##SUB:DeploymentID## -FeatureType ##SUB:FeatureType##</Parameters>
  		</Executable>
</ActionDescription>
