LOUXDWSTDB0020,LOUXDWSTD-U-B,Windows7_STD_B
LOUXDWSTDB0022,LOUXDWSTD-U-B,Windows7_STD_B
LOUXDWSTDB0024,LOUXDWSTD-U-B,Windows7_STD_B
LOUXDWSTDB0026,LOUXDWSTD-U-B,Windows7_STD_B
LOUXDWSTDB0028,LOUXDWSTD-U-B,Windows7_STD_B
LOUXDWSTDB0030,LOUXDWSTD-U-B,Windows7_STD_B
LOUXDWSTDB0032,LOUXDWSTD-U-B,Windows7_STD_B
LOUXDWSTDB0034,LOUXDWSTD-U-B,Windows7_STD_B
LOUXDWSTDB0036,LOUXDWSTD-U-B,Windows7_STD_B
LOUXDWSTDB0038,LOUXDWSTD-U-B,Windows7_STD_B
LOUXDWSTDB0040,LOUXDWSTD-U-B,Windows7_STD_B
LOUXDWSTDB0042,LOUXDWSTD-U-B,Windows7_STD_B
LOUXDWSTDB0044,LOUXDWSTD-U-B,Windows7_STD_B
LOUXDWSTDB0046,LOUXDWSTD-U-B,Windows7_STD_B
